Task,Training Accuracy,Validation Accuracy,Testing Accuracy,Best Epoch
1,101.63636363636364,0.0,0.07692307692307693,10
2,101.63636363636364,7692307692.307693,1995186507.7692308,10
